shot_id,guid,page_sequence,index,buf_idx,flags,time_tick,time_seconds,n,az_deg,el_deg,radial_velocity_mps,dist_m,sync_idx,sync_buf,snr,peak,az1_deg,az2_deg,az3_deg,el1_deg,el2_deg,pk0,pk1,pk2,pk3,pk4,pk5
2,{6aae5295-0000-42ed-afd4-2ede06240002},148,10336,28,9,73,0.001949100,0.275620000,1.420000,16.550000,30.990000,0.000000,0,-1,37,888,1.560000,1.300000,0.000000,16.680000,16.420000,33.235550,41.726828,34.208298,42.171478,0.000000,0.000000
2,{6aae5295-0000-42ed-afd4-2ede06240002},148,10464,29,9,201,0.005366700,0.279040000,1.370000,16.610000,31.010000,0.000000,0,-1,36,888,1.540000,1.220000,0.000000,16.780000,16.460000,32.029152,40.305853,34.294128,40.473938,0.000000,0.000000
2,{6aae5295-0000-42ed-afd4-2ede06240002},152,10592,26,9,329,0.008784300,0.282450000,1.380000,16.630000,30.890000,0.000000,0,-1,35,888,1.590000,1.190000,0.000000,16.830000,16.430000,31.188726,39.005280,32.669306,39.076805,0.000000,0.000000
2,{6aae5295-0000-42ed-afd4-2ede06240002},152,10720,28,9,457,0.012201900,0.285860000,1.320000,16.590000,30.940000,0.000000,0,-1,35,888,1.510000,1.140000,0.000000,16.780000,16.410000,30.834675,39.001703,33.241510,39.123297,0.000000,0.000000
2,{6aae5295-0000-42ed-afd4-2ede06240002},152,10848,27,9,585,0.015619500,0.289280000,1.210000,16.600000,30.850000,0.000000,0,-1,34,888,1.430000,1.010000,0.000000,16.810000,16.390000,29.213428,37.699938,31.450987,37.682056,0.000000,0.000000
2,{6aae5295-0000-42ed-afd4-2ede06240002},152,10976,26,9,713,0.019037100,0.292690000,1.160000,16.630000,30.880000,0.000000,0,-1,32,888,1.360000,0.960000,0.000000,16.840000,16.440000,28.102398,36.705732,31.260252,35.628080,0.000000,0.000000
2,{6aae5295-0000-42ed-afd4-2ede06240002},156,11104,25,9,841,0.022454700,0.296100000,1.180000,16.670000,30.790000,0.000000,0,-1,32,888,1.400000,0.960000,0.000000,16.890000,16.450000,27.699471,36.486387,31.974316,35.477877,0.000000,0.000000
2,{6aae5295-0000-42ed-afd4-2ede06240002},156,11232,26,9,969,0.025872300,0.299510000,1.160000,16.790000,30.810000,0.000000,0,-1,32,888,1.440000,0.900000,0.000000,17.070000,16.530000,27.970076,36.023855,31.071901,34.943819,0.000000,0.000000
2,{6aae5295-0000-42ed-afd4-2ede06240002},156,11360,26,9,1097,0.029289900,0.302930000,1.120000,16.780000,30.750000,0.000000,0,-1,31,889,1.340000,0.900000,0.000000,17.000000,16.560000,26.314259,34.762621,29.997826,34.136772,0.000000,0.000000
2,{6aae5295-0000-42ed-afd4-2ede06240002},156,11488,23,9,1225,0.032707500,0.306340000,1.130000,16.720000,30.720000,0.000000,0,-1,29,889,1.390000,0.880000,0.000000,16.980000,16.470000,25.014877,33.004284,29.075146,32.222271,0.000000,0.000000
2,{6aae5295-0000-42ed-afd4-2ede06240002},160,11616,22,9,1353,0.036125100,0.309760000,1.050000,16.800000,30.690000,0.000000,0,-1,29,889,1.320000,0.800000,0.000000,17.060000,16.540000,24.912357,33.731461,29.277802,31.958818,0.000000,0.000000
2,{6aae5295-0000-42ed-afd4-2ede06240002},160,11744,25,9,1481,0.039542700,0.313170000,1.040000,16.860000,30.670000,0.000000,0,-1,29,889,1.420000,0.670000,0.000000,17.240000,16.490000,24.482012,32.488108,29.107332,31.172037,0.000000,0.000000
2,{6aae5295-0000-42ed-afd4-2ede06240002},160,11872,24,9,1609,0.042960300,0.316580000,0.970000,16.960000,30.640000,0.000000,0,-1,29,889,1.240000,0.720000,0.000000,17.230000,16.700000,24.116039,31.924248,29.546022,30.772686,0.000000,0.000000
2,{6aae5295-0000-42ed-afd4-2ede06240002},160,12000,20,9,1737,0.046377900,0.320000000,0.950000,16.860000,30.560000,0.000000,0,-1,27,889,1.100000,0.820000,0.000000,17.010000,16.730000,23.088455,30.637980,28.187037,28.716326,0.000000,0.000000
2,{6aae5295-0000-42ed-afd4-2ede06240002},164,12128,22,9,1865,0.049795500,0.323410000,0.960000,16.870000,30.590000,0.000000,0,-1,28,889,1.260000,0.660000,0.000000,17.170000,16.580000,23.759604,31.021833,29.046535,29.408932,0.000000,0.000000
2,{6aae5295-0000-42ed-afd4-2ede06240002},164,12256,26,9,1993,0.053213100,0.326820000,1.030000,16.940000,30.510000,0.000000,0,-1,27,890,1.290000,0.770000,0.000000,17.210000,16.690000,22.403002,30.376911,28.325319,28.128624,0.000000,0.000000
2,{6aae5295-0000-42ed-afd4-2ede06240002},164,12384,21,9,2121,0.056630700,0.330240000,0.940000,16.870000,30.550000,0.000000,0,-1,26,890,1.200000,0.700000,0.000000,17.120000,16.620000,22.057295,28.653145,27.192831,26.665926,0.000000,0.000000
2,{6aae5295-0000-42ed-afd4-2ede06240002},164,12512,22,9,2249,0.060048300,0.333650000,0.940000,17.080000,30.440000,0.000000,0,-1,25,890,1.050000,0.850000,0.000000,17.190000,16.990000,22.251606,28.491020,26.636124,25.360584,0.000000,0.000000
2,{6aae5295-0000-42ed-afd4-2ede06240002},168,12640,23,9,2377,0.063465900,0.337060000,0.800000,16.990000,30.470000,0.000000,0,-1,25,890,0.930000,0.690000,0.000000,17.110000,16.870000,21.923780,29.158592,26.413202,25.794506,0.000000,0.000000
2,{6aae5295-0000-42ed-afd4-2ede06240002},168,12768,24,9,2505,0.066883500,0.340480000,0.870000,17.000000,30.370000,0.000000,0,-1,24,890,0.930000,0.820000,0.000000,17.060000,16.960000,20.484924,27.831793,26.034117,24.930239,0.000000,0.000000
2,{6aae5295-0000-42ed-afd4-2ede06240002},168,12896,19,9,2633,0.070301100,0.343890000,0.860000,17.210000,30.410000,0.000000,0,-1,24,890,0.980000,0.750000,0.000000,17.330000,17.090000,20.717382,26.806593,25.446415,24.583340,0.000000,0.000000
2,{6aae5295-0000-42ed-afd4-2ede06240002},168,13024,21,9,2761,0.073718700,0.347300000,0.870000,17.140000,30.300000,0.000000,0,-1,23,891,0.910000,0.840000,0.000000,17.180000,17.110000,20.679235,25.851727,24.892092,24.021864,0.000000,0.000000
2,{6aae5295-0000-42ed-afd4-2ede06240002},172,13152,23,9,2889,0.077136300,0.350720000,0.910000,17.230000,30.350000,0.000000,0,-1,24,890,1.090000,0.730000,0.000000,17.410000,17.060000,21.052361,26.917458,25.533438,23.546219,0.000000,0.000000
2,{6aae5295-0000-42ed-afd4-2ede06240002},172,13280,22,9,3017,0.080553900,0.354130000,0.880000,17.330000,30.260000,0.000000,0,-1,23,891,1.000000,0.780000,0.000000,17.450000,17.220000,19.435883,25.497675,25.067329,22.647381,0.000000,0.000000
2,{6aae5295-0000-42ed-afd4-2ede06240002},172,13408,20,9,3145,0.083971500,0.357540000,0.860000,17.230000,30.260000,0.000000,0,-1,21,891,0.820000,0.910000,0.000000,17.190000,17.290000,18.187761,24.200678,23.407936,21.011829,0.000000,0.000000
2,{6aae5295-0000-42ed-afd4-2ede06240002},172,13536,22,9,3273,0.087389100,0.360960000,0.840000,17.290000,30.220000,0.000000,0,-1,22,891,0.820000,0.870000,0.000000,17.270000,17.320000,19.181967,24.718046,23.763180,21.377802,0.000000,0.000000
2,{6aae5295-0000-42ed-afd4-2ede06240002},176,13664,21,9,3401,0.090806700,0.364370000,0.880000,17.380000,30.200000,0.000000,0,-1,21,891,0.820000,0.950000,0.000000,17.320000,17.450000,18.386841,23.623705,23.902655,21.278858,0.000000,0.000000
2,{6aae5295-0000-42ed-afd4-2ede06240002},176,13792,22,9,3529,0.094224300,0.367780000,0.890000,17.350000,30.180000,0.000000,0,-1,21,891,0.800000,0.980000,0.000000,17.260000,17.440000,18.190145,23.272038,22.660494,20.967722,0.000000,0.000000
2,{6aae5295-0000-42ed-afd4-2ede06240002},176,13920,20,9,3657,0.097641900,0.371200000,0.860000,17.430000,30.090000,0.000000,0,-1,20,892,0.870000,0.860000,0.000000,17.440000,17.430000,18.520355,22.764206,22.323132,20.154715,0.000000,0.000000
2,{6aae5295-0000-42ed-afd4-2ede06240002},176,14048,22,9,3785,0.101059500,0.374610000,0.740000,17.450000,30.110000,0.000000,0,-1,21,891,0.640000,0.850000,0.000000,17.350000,17.560000,19.350052,23.654699,23.480654,20.331144,0.000000,0.000000
2,{6aae5295-0000-42ed-afd4-2ede06240002},180,14176,20,9,3913,0.104477100,0.378020000,0.730000,17.580000,30.050000,0.000000,0,-1,20,892,0.590000,0.880000,0.000000,17.440000,17.730000,17.729998,22.110939,22.506714,19.897223,0.000000,0.000000
2,{6aae5295-0000-42ed-afd4-2ede06240002},180,14304,20,9,4041,0.107894700,0.381440000,0.790000,17.460000,30.080000,0.000000,0,-1,19,892,0.680000,0.920000,0.000000,17.340000,17.580000,17.212629,21.297932,21.151304,18.388033,0.000000,0.000000
2,{6aae5295-0000-42ed-afd4-2ede06240002},180,14432,18,9,4169,0.111312300,0.384850000,0.870000,17.520000,29.950000,0.000000,0,-1,19,892,0.770000,0.980000,0.000000,17.420000,17.630000,17.218590,20.937920,20.191669,18.929243,0.000000,0.000000
2,{6aae5295-0000-42ed-afd4-2ede06240002},180,14560,21,9,4297,0.114729900,0.388260000,0.900000,17.560000,30.010000,0.000000,0,-1,19,892,0.780000,1.030000,0.000000,17.440000,17.690000,17.577410,20.775795,20.968914,18.862486,0.000000,0.000000
2,{6aae5295-0000-42ed-afd4-2ede06240002},184,14688,19,9,4425,0.118147500,0.391680000,0.790000,17.530000,29.910000,0.000000,0,-1,18,892,0.610000,0.990000,0.000000,17.340000,17.720000,16.422272,19.892454,19.669533,18.171072,0.000000,0.000000
2,{6aae5295-0000-42ed-afd4-2ede06240002},184,14816,18,9,4553,0.121565100,0.395090000,0.800000,17.640000,29.950000,0.000000,0,-1,18,892,0.510000,1.090000,0.000000,17.360000,17.940000,16.176701,19.425154,19.388199,17.999411,0.000000,0.000000
2,{6aae5295-0000-42ed-afd4-2ede06240002},184,14944,19,9,4681,0.124982700,0.398500000,0.710000,17.720000,29.830000,0.000000,0,-1,18,893,0.570000,0.860000,0.000000,17.580000,17.870000,16.907454,19.519329,19.141436,17.563105,0.000000,0.000000
2,{6aae5295-0000-42ed-afd4-2ede06240002},184,15072,20,9,4809,0.128400300,0.401920000,0.860000,17.760000,29.870000,0.000000,0,-1,18,893,0.650000,1.080000,0.000000,17.550000,17.980000,17.372370,20.042658,20.399094,17.415285,0.000000,0.000000
2,{6aae5295-0000-42ed-afd4-2ede06240002},188,15968,13,9,5705,0.152323500,0.425810000,0.730000,17.790000,29.620000,0.000000,0,-1,15,894,0.600000,0.860000,0.000000,17.670000,17.920000,15.133619,16.149282,17.403364,14.883280,0.000000,0.000000
2,{6aae5295-0000-42ed-afd4-2ede06240002},188,16480,13,9,6217,0.165993900,0.439460000,0.750000,17.770000,29.500000,0.000000,0,-1,14,894,0.550000,0.960000,0.000000,17.570000,17.980000,14.252663,14.590025,16.329288,13.732910,0.000000,0.000000
2,{6aae5295-0000-42ed-afd4-2ede06240002},188,16992,13,9,6729,0.179664300,0.453120000,0.830000,17.840000,29.380000,0.000000,0,-1,14,895,0.690000,0.980000,0.000000,17.700000,17.990000,13.831854,13.521910,15.541315,13.235807,0.000000,0.000000
2,{6aae5295-0000-42ed-afd4-2ede06240002},188,17504,12,9,7241,0.193334700,0.466770000,0.850000,17.850000,29.250000,0.000000,0,-1,13,895,0.660000,1.060000,0.000000,17.660000,18.050000,13.475418,13.024807,14.441013,12.208223,0.000000,0.000000
2,{6aae5295-0000-42ed-afd4-2ede06240002},192,18016,12,9,7753,0.207005100,0.480420000,0.950000,17.960000,29.130000,0.000000,0,-1,12,896,0.680000,1.230000,0.000000,17.690000,18.240000,12.812614,12.238026,13.846159,11.352301,0.000000,0.000000
2,{6aae5295-0000-42ed-afd4-2ede06240002},192,18528,12,9,8265,0.220675500,0.494080000,1.070000,17.950000,29.010000,0.000000,0,-1,11,896,0.940000,1.210000,0.000000,17.820000,18.090000,12.357235,11.230707,13.064146,10.454655,0.000000,0.000000
2,{6aae5295-0000-42ed-afd4-2ede06240002},192,19040,12,9,8777,0.234345900,0.507730000,1.300000,17.920000,28.890000,0.000000,0,-1,11,897,1.160000,1.450000,0.000000,17.780000,18.080000,11.434555,10.981560,12.283325,10.043383,0.000000,0.000000
2,{6aae5295-0000-42ed-afd4-2ede06240002},192,19552,11,9,9289,0.248016300,0.521380000,1.210000,17.950000,28.760000,0.000000,0,-1,10,897,1.050000,1.370000,0.000000,17.800000,18.110000,10.871887,10.414124,12.009144,10.023117,0.000000,0.000000
2,{6aae5295-0000-42ed-afd4-2ede06240002},196,20064,11,9,9801,0.261686700,0.535040000,1.290000,17.990000,28.660000,0.000000,0,-1,10,898,1.270000,1.330000,0.000000,17.970000,18.020000,10.253191,9.779930,11.506081,9.191036,0.000000,0.000000
2,{6aae5295-0000-42ed-afd4-2ede06240002},196,20576,11,9,10313,0.275357100,0.548690000,1.350000,17.900000,28.530000,0.000000,0,-1,10,898,1.390000,1.310000,0.000000,17.950000,17.860000,10.298491,9.725094,11.150837,9.042025,0.000000,0.000000
2,{6aae5295-0000-42ed-afd4-2ede06240002},196,21088,11,9,10825,0.289027500,0.562340000,1.510000,18.050000,28.410000,0.000000,0,-1,9,899,1.470000,1.570000,0.000000,18.010000,18.100000,9.295940,9.567738,10.573864,8.614063,0.000000,0.000000
2,{6aae5295-0000-42ed-afd4-2ede06240002},196,21600,10,9,11337,0.302697900,0.575990000,1.540000,18.100000,28.290000,0.000000,0,-1,9,899,1.450000,1.650000,0.000000,18.000000,18.200000,9.315014,9.213686,10.238886,8.438826,0.000000,0.000000
2,{6aae5295-0000-42ed-afd4-2ede06240002},200,22112,11,9,11849,0.316368300,0.589650000,1.430000,18.090000,28.170000,0.000000,0,-1,8,900,1.530000,1.340000,0.000000,18.190000,18.000000,9.230375,8.354187,9.399652,8.172989,0.000000,0.000000
2,{6aae5295-0000-42ed-afd4-2ede06240002},200,22624,10,9,12361,0.330038700,0.603300000,1.530000,17.840000,28.050000,0.000000,0,-1,8,901,1.510000,1.560000,0.000000,17.820000,17.870000,8.645058,8.280277,9.154081,7.824898,0.000000,0.000000
2,{6aae5295-0000-42ed-afd4-2ede06240002},200,23136,9,9,12873,0.343709100,0.616960000,1.590000,17.980000,27.930000,0.000000,0,-1,8,901,1.760000,1.430000,0.000000,18.150000,17.820000,8.447170,8.007288,8.772612,7.302761,0.000000,0.000000
2,{6aae5295-0000-42ed-afd4-2ede06240002},200,23648,8,9,13385,0.357379500,0.630610000,1.690000,18.150000,27.810000,0.000000,0,-1,8,902,1.730000,1.670000,0.000000,18.190000,18.130000,8.567572,8.238554,8.668900,7.485151,0.000000,0.000000
2,{6aae5295-0000-42ed-afd4-2ede06240002},0,0,7,9,251881,6.725222700,0.000000000,5.010000,-0.500000,31.490000,0.000000,0,-1,166,885,4.970000,5.070000,0.000000,-0.560000,-0.460000,165.460110,189.759731,159.987211,149.499178,0.000000,0.000000
2,{6aae5295-0000-42ed-afd4-2ede06240002},0,32,9,9,251913,6.726077100,0.000850000,4.980000,-0.470000,31.630000,0.000000,0,-1,296,885,4.940000,5.030000,0.000000,-0.510000,-0.430000,289.705992,335.350037,289.405584,271.723270,0.000000,0.000000
2,{6aae5295-0000-42ed-afd4-2ede06240002},0,64,10,9,251945,6.726931500,0.001700000,4.930000,-0.470000,31.720000,0.000000,0,-1,450,884,4.900000,4.980000,0.000000,-0.520000,-0.440000,432.674885,501.608849,448.139906,419.969559,0.000000,0.000000
2,{6aae5295-0000-42ed-afd4-2ede06240002},0,96,11,9,251977,6.727785900,0.002560000,4.910000,-0.430000,31.770000,0.000000,0,-1,592,884,4.880000,4.950000,0.000000,-0.470000,-0.400000,557.916164,646.321774,603.168011,564.134121,0.000000,0.000000
2,{6aae5295-0000-42ed-afd4-2ede06240002},4,128,11,9,252009,6.728640300,0.003410000,4.890000,-0.370000,31.820000,0.000000,0,-1,690,884,4.860000,4.930000,0.000000,-0.410000,-0.340000,632.243156,732.972622,720.738173,674.452782,0.000000,0.000000
2,{6aae5295-0000-42ed-afd4-2ede06240002},4,160,10,9,252041,6.729494700,0.004260000,4.860000,-0.300000,31.870000,0.000000,0,-1,729,884,4.840000,4.900000,0.000000,-0.340000,-0.270000,644.768476,749.900341,786.062479,738.269091,0.000000,0.000000
2,{6aae5295-0000-42ed-afd4-2ede06240002},4,192,8,9,252073,6.730349100,0.005120000,4.830000,-0.210000,31.910000,0.000000,0,-1,723,884,4.810000,4.850000,0.000000,-0.230000,-0.190000,609.844923,712.544918,809.397697,763.547421,0.000000,0.000000
2,{6aae5295-0000-42ed-afd4-2ede06240002},4,224,8,9,252105,6.731203500,0.005970000,4.760000,-0.270000,31.920000,0.000000,0,-1,686,883,4.760000,4.780000,0.000000,-0.290000,-0.270000,543.912649,637.863874,803.662539,759.787560,0.000000,0.000000
2,{6aae5295-0000-42ed-afd4-2ede06240002},8,256,7,9,252137,6.732057900,0.006820000,4.700000,0.050000,31.890000,0.000000,0,-1,626,884,4.710000,4.700000,0.000000,0.060000,0.050000,460.458994,540.690422,774.438381,731.801987,0.000000,0.000000
2,{6aae5295-0000-42ed-afd4-2ede06240002},8,288,7,9,252169,6.732912300,0.007680000,4.670000,0.310000,31.830000,0.000000,0,-1,551,884,4.700000,4.650000,0.000000,0.340000,0.290000,373.240709,435.383320,722.177029,680.439472,0.000000,0.000000
2,{6aae5295-0000-42ed-afd4-2ede06240002},8,320,7,9,252201,6.733766700,0.008530000,4.670000,0.790000,31.810000,0.000000,0,-1,464,884,4.740000,4.610000,0.000000,0.850000,0.730000,289.922953,332.980156,644.748211,606.775284,0.000000,0.000000
2,{6aae5295-0000-42ed-afd4-2ede06240002},8,352,7,9,252233,6.734621100,0.009380000,4.700000,1.590000,31.830000,0.000000,0,-1,378,884,4.810000,4.590000,0.000000,1.700000,1.490000,218.783617,245.990753,551.900864,520.945787,0.000000,0.000000
2,{6aae5295-0000-42ed-afd4-2ede06240002},12,384,7,9,252265,6.735475500,0.010240000,4.700000,2.710000,31.850000,0.000000,0,-1,308,884,4.840000,4.560000,0.000000,2.860000,2.580000,171.672106,187.566280,463.181734,437.973738,0.000000,0.000000
2,{6aae5295-0000-42ed-afd4-2ede06240002},12,416,6,9,252297,6.736329900,0.011090000,4.620000,3.940000,31.840000,0.000000,0,-1,261,884,4.730000,4.510000,0.000000,4.050000,3.840000,151.468515,160.248280,389.209986,366.529226,0.000000,0.000000
2,{6aae5295-0000-42ed-afd4-2ede06240002},12,448,7,9,252329,6.737184300,0.011940000,4.500000,5.060000,31.770000,0.000000,0,-1,232,884,4.540000,4.470000,0.000000,5.100000,5.030000,149.523020,154.376030,331.070423,309.097767,0.000000,0.000000
2,{6aae5295-0000-42ed-afd4-2ede06240002},12,480,7,9,252361,6.738038700,0.012800000,4.400000,5.870000,31.730000,0.000000,0,-1,216,884,4.380000,4.430000,0.000000,5.850000,5.900000,156.459808,160.406828,287.692547,267.235041,0.000000,0.000000
2,{6aae5295-0000-42ed-afd4-2ede06240002},16,512,8,9,252393,6.738893100,0.013650000,4.340000,6.240000,31.750000,0.000000,0,-1,210,884,4.310000,4.370000,0.000000,6.220000,6.270000,167.903900,174.262524,257.610083,240.836143,0.000000,0.000000
2,{6aae5295-0000-42ed-afd4-2ede06240002},16,544,8,9,252425,6.739747500,0.014500000,4.300000,6.220000,31.850000,0.000000,0,-1,211,884,4.300000,4.300000,0.000000,6.220000,6.220000,184.956789,195.273161,240.018368,228.263140,0.000000,0.000000
2,{6aae5295-0000-42ed-afd4-2ede06240002},16,576,7,9,252457,6.740601900,0.015360000,4.250000,6.140000,31.970000,0.000000,0,-1,222,883,4.290000,4.220000,0.000000,6.180000,6.110000,207.329988,220.537186,235.245228,227.621794,0.000000,0.000000
2,{6aae5295-0000-42ed-afd4-2ede06240002},16,608,6,9,252489,6.741456300,0.016210000,4.260000,5.860000,32.050000,0.000000,0,-1,237,883,4.320000,4.220000,0.000000,5.920000,5.820000,230.696201,244.899988,238.667727,235.224962,0.000000,0.000000
2,{6aae5295-0000-42ed-afd4-2ede06240002},20,640,6,9,252521,6.742310700,0.017060000,4.310000,5.660000,32.090000,0.000000,0,-1,249,883,4.370000,4.260000,0.000000,5.720000,5.610000,249.345303,262.800455,241.216421,244.219303,0.000000,0.000000
2,{6aae5295-0000-42ed-afd4-2ede06240002},20,672,6,9,252553,6.743165100,0.017920000,4.370000,5.550000,32.110000,0.000000,0,-1,254,883,4.430000,4.310000,0.000000,5.610000,5.500000,258.873701,271.416903,238.732100,249.598026,0.000000,0.000000
2,{6aae5295-0000-42ed-afd4-2ede06240002},20,704,6,9,252585,6.744019500,0.018770000,4.390000,5.520000,32.110000,0.000000,0,-1,253,883,4.470000,4.330000,0.000000,5.600000,5.450000,259.555578,272.573233,231.809616,248.771906,0.000000,0.000000
2,{6aae5295-0000-42ed-afd4-2ede06240002},20,736,6,9,252617,6.744873900,0.019620000,4.370000,5.580000,32.100000,0.000000,0,-1,245,883,4.460000,4.280000,0.000000,5.670000,5.490000,253.213644,268.660784,221.579075,239.924192,0.000000,0.000000
2,{6aae5295-0000-42ed-afd4-2ede06240002},24,768,5,9,252649,6.745728300,0.020480000,4.300000,5.660000,32.070000,0.000000,0,-1,234,883,4.390000,4.230000,0.000000,5.740000,5.580000,243.407488,261.435509,209.785700,224.732161,0.000000,0.000000
2,{6aae5295-0000-42ed-afd4-2ede06240002},24,800,4,9,252681,6.746582700,0.021330000,4.230000,5.680000,32.060000,0.000000,0,-1,224,883,4.270000,4.200000,0.000000,5.720000,5.650000,235.782862,255.168676,199.444294,208.455324,0.000000,0.000000
2,{6aae5295-0000-42ed-afd4-2ede06240002},24,832,4,9,252713,6.747437100,0.022180000,4.180000,5.630000,32.080000,0.000000,0,-1,217,883,4.160000,4.210000,0.000000,5.610000,5.660000,232.620239,253.721476,190.955400,194.172859,0.000000,0.000000
2,{6aae5295-0000-42ed-afd4-2ede06240002},24,864,4,9,252745,6.748291500,0.023040000,4.140000,5.540000,32.110000,0.000000,0,-1,213,883,4.060000,4.220000,0.000000,5.460000,5.620000,231.298208,256.350040,184.191465,183.854103,0.000000,0.000000
2,{6aae5295-0000-42ed-afd4-2ede06240002},28,896,4,9,252777,6.749145900,0.023890000,4.050000,5.430000,32.150000,0.000000,0,-1,213,882,3.910000,4.200000,0.000000,5.280000,5.580000,232.560635,262.217522,180.549622,178.916454,0.000000,0.000000
2,{6aae5295-0000-42ed-afd4-2ede06240002},28,928,4,9,252809,6.750000300,0.024740000,3.960000,5.210000,32.180000,0.000000,0,-1,218,882,3.820000,4.100000,0.000000,5.070000,5.350000,239.596367,273.858309,182.574987,179.132223,0.000000,0.000000
2,{6aae5295-0000-42ed-afd4-2ede06240002},28,960,5,9,252841,6.750854700,0.025600000,3.860000,5.000000,32.200000,0.000000,0,-1,228,882,3.760000,3.970000,0.000000,4.900000,5.110000,250.571966,289.031267,192.086697,185.141563,0.000000,0.000000
2,{6aae5295-0000-42ed-afd4-2ede06240002},28,992,6,9,252873,6.751709100,0.026450000,3.800000,4.800000,32.200000,0.000000,0,-1,243,882,3.740000,3.860000,0.000000,4.750000,4.860000,263.240337,304.107666,208.556652,197.601318,0.000000,0.000000
2,{6aae5295-0000-42ed-afd4-2ede06240002},32,1024,7,9,252905,6.752563500,0.027300000,3.770000,4.660000,32.220000,0.000000,0,-1,260,882,3.760000,3.790000,0.000000,4.650000,4.680000,276.011229,318.936110,230.065584,215.289593,0.000000,0.000000
2,{6aae5295-0000-42ed-afd4-2ede06240002},32,1056,7,9,252937,6.753417900,0.028160000,3.800000,4.600000,32.280000,0.000000,0,-1,275,882,3.810000,3.800000,0.000000,4.610000,4.600000,284.227133,328.683853,253.130198,234.270096,0.000000,0.000000
2,{6aae5295-0000-42ed-afd4-2ede06240002},32,1088,7,9,252969,6.754272300,0.029010000,3.850000,4.610000,32.340000,0.000000,0,-1,284,882,3.850000,3.860000,0.000000,4.600000,4.620000,284.974575,328.996181,272.265673,252.693892,0.000000,0.000000
2,{6aae5295-0000-42ed-afd4-2ede06240002},32,1120,6,9,253001,6.755126700,0.029860000,3.890000,4.550000,32.390000,0.000000,0,-1,287,881,3.900000,3.900000,0.000000,4.560000,4.560000,278.505087,320.179462,284.892321,268.052816,0.000000,0.000000
2,{6aae5295-0000-42ed-afd4-2ede06240002},36,1152,5,9,253033,6.755981100,0.030720000,3.900000,4.680000,32.420000,0.000000,0,-1,284,881,3.910000,3.910000,0.000000,4.680000,4.680000,265.188217,304.371119,291.496515,278.508663,0.000000,0.000000
2,{6aae5295-0000-42ed-afd4-2ede06240002},36,1184,5,9,253065,6.756835500,0.031570000,3.870000,4.850000,32.430000,0.000000,0,-1,277,881,3.870000,3.880000,0.000000,4.850000,4.860000,247.763395,283.707380,294.239521,285.124779,0.000000,0.000000
2,{6aae5295-0000-42ed-afd4-2ede06240002},36,1216,5,9,253097,6.757689900,0.032420000,3.830000,5.050000,32.410000,0.000000,0,-1,269,881,3.830000,3.850000,0.000000,5.040000,5.070000,231.053829,262.932777,295.788050,289.263725,0.000000,0.000000
2,{6aae5295-0000-42ed-afd4-2ede06240002},36,1248,5,9,253129,6.758544300,0.033280000,3.800000,5.280000,32.380000,0.000000,0,-1,263,881,3.790000,3.820000,0.000000,5.270000,5.300000,218.909979,246.076584,298.134089,291.388035,0.000000,0.000000
2,{6aae5295-0000-42ed-afd4-2ede06240002},40,1280,5,9,253161,6.759398700,0.034130000,3.790000,5.600000,32.370000,0.000000,0,-1,258,882,3.760000,3.820000,0.000000,5.570000,5.630000,211.287737,233.641863,300.459862,291.146040,0.000000,0.000000
2,{6aae5295-0000-42ed-afd4-2ede06240002},40,1312,7,9,253193,6.760253100,0.034980000,3.820000,5.810000,32.380000,0.000000,0,-1,255,881,3.800000,3.860000,0.000000,5.790000,5.850000,206.066370,225.913525,300.886631,288.746357,0.000000,0.000000
2,{6aae5295-0000-42ed-afd4-2ede06240002},40,1344,9,9,253225,6.761107500,0.035840000,3.820000,6.080000,32.410000,0.000000,0,-1,251,881,3.780000,3.870000,0.000000,6.040000,6.130000,202.385187,221.279860,300.109386,283.885002,0.000000,0.000000
2,{6aae5295-0000-42ed-afd4-2ede06240002},40,1376,12,9,253257,6.761961900,0.036690000,3.800000,6.320000,32.440000,0.000000,0,-1,248,881,3.720000,3.880000,0.000000,6.250000,6.410000,200.256109,217.211246,298.314095,277.664661,0.000000,0.000000
2,{6aae5295-0000-42ed-afd4-2ede06240002},44,1408,14,9,253289,6.762816300,0.037540000,3.760000,6.560000,32.440000,0.000000,0,-1,245,881,3.660000,3.880000,0.000000,6.450000,6.670000,200.135708,213.991404,296.490192,272.897482,0.000000,0.000000
2,{6aae5295-0000-42ed-afd4-2ede06240002},44,1440,15,9,253321,6.763670700,0.038400000,3.730000,6.770000,32.420000,0.000000,0,-1,246,881,3.620000,3.850000,0.000000,6.660000,6.890000,202.115774,213.909149,297.112465,272.054672,0.000000,0.000000
2,{6aae5295-0000-42ed-afd4-2ede06240002},44,1472,14,9,253353,6.764525100,0.039250000,3.680000,6.980000,32.400000,0.000000,0,-1,249,881,3.590000,3.780000,0.000000,6.890000,7.080000,204.888582,217.682123,301.465988,275.430679,0.000000,0.000000
2,{6aae5295-0000-42ed-afd4-2ede06240002},44,1504,15,9,253385,6.765379500,0.040100000,3.620000,7.150000,32.400000,0.000000,0,-1,254,881,3.540000,3.700000,0.000000,7.080000,7.240000,206.542015,223.327875,308.307409,280.681849,0.000000,0.000000
2,{6aae5295-0000-42ed-afd4-2ede06240002},48,1536,15,9,253417,6.766233900,0.040960000,3.530000,7.310000,32.430000,0.000000,0,-1,258,881,3.450000,3.630000,0.000000,7.230000,7.400000,206.905603,227.233171,314.222574,284.708738,0.000000,0.000000
2,{6aae5295-0000-42ed-afd4-2ede06240002},48,1568,16,9,253449,6.767088300,0.041810000,3.440000,7.460000,32.480000,0.000000,0,-1,259,881,3.320000,3.560000,0.000000,7.340000,7.580000,208.263397,227.514505,317.970514,285.638571,0.000000,0.000000
2,{6aae5295-0000-42ed-afd4-2ede06240002},48,1600,17,9,253481,6.767942700,0.042660000,3.400000,7.620000,32.530000,0.000000,0,-1,260,881,3.250000,3.560000,0.000000,7.470000,7.780000,211.216211,226.213932,319.483280,285.147429,0.000000,0.000000
2,{6aae5295-0000-42ed-afd4-2ede06240002},48,1632,18,9,253513,6.768797100,0.043520000,3.440000,7.820000,32.540000,0.000000,0,-1,260,881,3.280000,3.600000,0.000000,7.660000,7.980000,213.767290,226.707458,316.650867,286.171436,0.000000,0.000000
2,{6aae5295-0000-42ed-afd4-2ede06240002},52,1664,19,9,253545,6.769651500,0.044370000,3.470000,8.020000,32.520000,0.000000,0,-1,259,881,3.330000,3.630000,0.000000,7.880000,8.170000,214.561224,229.049921,308.768749,287.340879,0.000000,0.000000
2,{6aae5295-0000-42ed-afd4-2ede06240002},52,1696,20,9,253577,6.770505900,0.045220000,3.480000,8.210000,32.500000,0.000000,0,-1,256,881,3.370000,3.600000,0.000000,8.100000,8.340000,213.329792,230.125189,295.847654,285.515785,0.000000,0.000000
2,{6aae5295-0000-42ed-afd4-2ede06240002},52,1728,21,9,253609,6.771360300,0.046080000,3.480000,8.390000,32.500000,0.000000,0,-1,249,881,3.410000,3.550000,0.000000,8.320000,8.460000,211.806297,227.737427,279.439688,279.098749,0.000000,0.000000
2,{6aae5295-0000-42ed-afd4-2ede06240002},52,1760,22,9,253641,6.772214700,0.046930000,3.470000,8.560000,32.520000,0.000000,0,-1,242,881,3.480000,3.470000,0.000000,8.570000,8.560000,210.770369,224.697590,264.021158,269.982815,0.000000,0.000000
2,{6aae5295-0000-42ed-afd4-2ede06240002},56,1792,21,9,253673,6.773069100,0.047780000,3.450000,8.750000,32.540000,0.000000,0,-1,236,881,3.530000,3.380000,0.000000,8.830000,8.690000,210.421085,222.665071,255.060196,260.354280,0.000000,0.000000
2,{6aae5295-0000-42ed-afd4-2ede06240002},56,1824,20,9,253705,6.773923500,0.048640000,3.440000,8.940000,32.550000,0.000000,0,-1,233,881,3.550000,3.350000,0.000000,9.050000,8.840000,209.099054,221.102238,251.735449,251.759291,0.000000,0.000000
2,{6aae5295-0000-42ed-afd4-2ede06240002},56,1856,19,9,253737,6.774777900,0.049490000,3.440000,9.090000,32.550000,0.000000,0,-1,229,881,3.520000,3.360000,0.000000,9.180000,9.010000,205.773115,218.821764,249.422789,244.246721,0.000000,0.000000
2,{6aae5295-0000-42ed-afd4-2ede06240002},56,1888,19,9,253769,6.775632300,0.050340000,3.420000,9.210000,32.540000,0.000000,0,-1,224,881,3.470000,3.380000,0.000000,9.260000,9.160000,201.076269,216.052532,244.374275,237.005949,0.000000,0.000000
2,{6aae5295-0000-42ed-afd4-2ede06240002},60,1920,18,9,253801,6.776486700,0.051200000,3.360000,9.310000,32.520000,0.000000,0,-1,219,881,3.410000,3.330000,0.000000,9.360000,9.280000,197.120905,213.702917,237.407684,229.521990,0.000000,0.000000
2,{6aae5295-0000-42ed-afd4-2ede06240002},60,1952,17,9,253833,6.777341100,0.052050000,3.260000,9.430000,32.490000,0.000000,0,-1,215,881,3.330000,3.200000,0.000000,9.510000,9.370000,194.957256,212.768316,231.927633,221.987963,0.000000,0.000000
2,{6aae5295-0000-42ed-afd4-2ede06240002},60,1984,17,9,253865,6.778195500,0.052900000,3.140000,9.570000,32.500000,0.000000,0,-1,211,881,3.230000,3.050000,0.000000,9.660000,9.480000,193.923712,211.229324,230.886936,212.152004,0.000000,0.000000
2,{6aae5295-0000-42ed-afd4-2ede06240002},60,2016,17,9,253897,6.779049900,0.053760000,3.110000,9.710000,32.540000,0.000000,0,-1,209,881,3.160000,3.080000,0.000000,9.750000,9.670000,193.737745,207.054615,232.673883,203.275681,0.000000,0.000000
2,{6aae5295-0000-42ed-afd4-2ede06240002},64,2048,17,9,253929,6.779904300,0.054610000,3.200000,9.820000,32.570000,0.000000,0,-1,207,881,3.160000,3.260000,0.000000,9.780000,9.880000,192.546844,203.740597,231.463909,201.138258,0.000000,0.000000
2,{6aae5295-0000-42ed-afd4-2ede06240002},64,2080,17,9,253961,6.780758700,0.055460000,3.290000,9.870000,32.580000,0.000000,0,-1,205,881,3.190000,3.390000,0.000000,9.780000,9.980000,189.753771,200.803280,226.149559,203.826427,0.000000,0.000000
2,{6aae5295-0000-42ed-afd4-2ede06240002},64,2112,17,9,253993,6.781613100,0.056320000,3.260000,9.840000,32.560000,0.000000,0,-1,202,881,3.170000,3.350000,0.000000,9.760000,9.940000,186.343193,197.337866,218.406916,209.017992,0.000000,0.000000
2,{6aae5295-0000-42ed-afd4-2ede06240002},64,2144,18,9,254025,6.782467500,0.057170000,3.150000,9.740000,32.540000,0.000000,0,-1,199,881,3.110000,3.200000,0.000000,9.700000,9.790000,185.599327,191.574097,211.530924,209.646225,0.000000,0.000000
2,{6aae5295-0000-42ed-afd4-2ede06240002},68,2176,17,9,254057,6.783321900,0.058020000,3.160000,9.610000,32.520000,0.000000,0,-1,196,881,3.180000,3.140000,0.000000,9.630000,9.590000,190.385580,184.975863,207.556486,203.212500,0.000000,0.000000
2,{6aae5295-0000-42ed-afd4-2ede06240002},68,2208,18,9,254089,6.784176300,0.058880000,3.400000,9.540000,32.490000,0.000000,0,-1,194,881,3.510000,3.300000,0.000000,9.650000,9.440000,199.517012,183.155537,204.511881,194.616318,0.000000,0.000000
2,{6aae5295-0000-42ed-afd4-2ede06240002},68,2240,19,9,254121,6.785030700,0.059730000,3.780000,9.590000,32.460000,0.000000,0,-1,194,881,3.960000,3.620000,0.000000,9.770000,9.430000,204.691887,190.402269,195.263624,190.715790,0.000000,0.000000
2,{6aae5295-0000-42ed-afd4-2ede06240002},68,2272,20,9,254153,6.785885100,0.060580000,4.000000,9.790000,32.470000,0.000000,0,-1,190,881,4.230000,3.790000,0.000000,10.020000,9.570000,194.152594,203.126669,176.380873,192.093849,0.000000,0.000000
2,{6aae5295-0000-42ed-afd4-2ede06240002},72,2304,20,9,254185,6.786739500,0.061440000,3.850000,10.090000,32.540000,0.000000,0,-1,182,881,4.160000,3.540000,0.000000,10.410000,9.790000,170.738697,210.133791,159.164667,192.402601,0.000000,0.000000
2,{6aae5295-0000-42ed-afd4-2ede06240002},72,2336,20,9,254217,6.787593900,0.062290000,3.230000,10.280000,32.610000,0.000000,0,-1,171,880,3.520000,2.940000,0.000000,10.580000,10.000000,152.381659,203.696489,152.826309,186.583996,0.000000,0.000000
2,{6aae5295-0000-42ed-afd4-2ede06240002},72,2368,21,9,254249,6.788448300,0.063140000,2.740000,10.380000,32.630000,0.000000,0,-1,163,880,2.950000,2.550000,0.000000,10.580000,10.180000,143.121481,185.854435,155.476332,174.194574,0.000000,0.000000
2,{6aae5295-0000-42ed-afd4-2ede06240002},72,2400,23,9,254281,6.789302700,0.064000000,2.110000,10.400000,32.600000,0.000000,0,-1,158,881,2.130000,2.100000,0.000000,10.420000,10.390000,143.544674,163.835287,166.970491,158.503056,0.000000,0.000000
2,{6aae5295-0000-42ed-afd4-2ede06240002},76,2432,23,9,254313,6.790157100,0.064850000,2.290000,10.340000,32.570000,0.000000,0,-1,154,881,2.110000,2.480000,0.000000,10.160000,10.530000,151.262283,144.832134,179.620981,145.467520,0.000000,0.000000
2,{6aae5295-0000-42ed-afd4-2ede06240002},76,2464,22,9,254345,6.791011500,0.065700000,2.820000,10.310000,32.580000,0.000000,0,-1,153,881,2.480000,3.160000,0.000000,9.970000,10.650000,155.602694,134.749413,183.765888,142.226219,0.000000,0.000000
2,{6aae5295-0000-42ed-afd4-2ede06240002},76,2496,22,9,254377,6.791865900,0.066560000,3.390000,10.200000,32.600000,0.000000,0,-1,155,881,2.990000,3.800000,0.000000,9.800000,10.610000,155.274868,136.376619,180.096626,151.578188,0.000000,0.000000
2,{6aae5295-0000-42ed-afd4-2ede06240002},76,2528,24,9,254409,6.792720300,0.067410000,3.750000,10.000000,32.580000,0.000000,0,-1,160,881,3.380000,4.130000,0.000000,9.630000,10.380000,153.913498,148.041248,170.328617,170.214176,0.000000,0.000000
2,{6aae5295-0000-42ed-afd4-2ede06240002},80,2560,27,9,254441,6.793574700,0.068260000,3.750000,9.840000,32.540000,0.000000,0,-1,166,881,3.500000,4.020000,0.000000,9.590000,10.100000,153.263807,166.246891,155.500174,191.642046,0.000000,0.000000
2,{6aae5295-0000-42ed-afd4-2ede06240002},80,2592,30,9,254473,6.794429100,0.069110000,3.400000,9.860000,32.500000,0.000000,0,-1,169,881,3.390000,3.430000,0.000000,9.850000,9.880000,152.705908,185.898542,140.659809,205.304623,0.000000,0.000000
2,{6aae5295-0000-42ed-afd4-2ede06240002},80,2624,30,9,254505,6.795283500,0.069970000,2.820000,10.140000,32.480000,0.000000,0,-1,167,881,3.200000,2.440000,0.000000,10.520000,9.760000,150.109529,197.944641,132.113695,200.185776,0.000000,0.000000
2,{6aae5295-0000-42ed-afd4-2ede06240002},80,2656,30,9,254537,6.796137900,0.070820000,2.230000,10.570000,32.470000,0.000000,0,-1,160,881,3.010000,1.460000,0.000000,11.350000,9.800000,141.845942,197.430849,133.118629,176.125765,0.000000,0.000000
2,{6aae5295-0000-42ed-afd4-2ede06240002},84,2688,29,9,254569,6.796992300,0.071680000,1.840000,11.030000,32.510000,0.000000,0,-1,148,881,2.750000,0.930000,0.000000,11.940000,10.120000,123.587847,185.515881,144.325495,145.225525,0.000000,0.000000
2,{6aae5295-0000-42ed-afd4-2ede06240002},84,2720,28,9,254601,6.797846700,0.072530000,1.760000,11.160000,32.620000,0.000000,0,-1,137,880,1.980000,1.550000,0.000000,11.380000,10.940000,104.384422,165.321827,163.488388,123.631954,0.000000,0.000000
2,{6aae5295-0000-42ed-afd4-2ede06240002},84,2752,27,9,254633,6.798701100,0.073380000,1.540000,11.190000,32.710000,0.000000,0,-1,135,880,0.950000,2.140000,0.000000,10.600000,11.790000,103.851557,140.248537,189.625025,117.083788,0.000000,0.000000
2,{6aae5295-0000-42ed-afd4-2ede06240002},84,2784,28,9,254665,6.799555500,0.074240000,1.580000,11.040000,32.690000,0.000000,0,-1,145,880,0.270000,2.900000,0.000000,9.730000,12.360000,121.600628,116.608143,222.610235,124.387741,0.000000,0.000000
2,{6aae5295-0000-42ed-afd4-2ede06240002},88,2848,36,9,254729,6.801264300,0.075940000,2.930000,10.320000,32.450000,0.000000,0,-1,191,881,1.790000,4.070000,0.000000,9.180000,11.470000,217.095613,105.026960,294.551849,169.564486,0.000000,0.000000
2,{6aae5295-0000-42ed-afd4-2ede06240002},88,2880,37,9,254761,6.802118700,0.076800000,4.130000,9.820000,32.320000,0.000000,0,-1,222,882,3.570000,4.700000,0.000000,9.260000,10.380000,259.662867,124.199390,319.176912,199.992657,0.000000,0.000000
2,{6aae5295-0000-42ed-afd4-2ede06240002},88,2912,37,9,254793,6.802973100,0.077650000,4.800000,9.780000,32.240000,0.000000,0,-1,248,882,4.490000,5.130000,0.000000,9.470000,10.100000,282.506943,159.549713,326.527357,232.535601,0.000000,0.000000
2,{6aae5295-0000-42ed-afd4-2ede06240002},88,2944,37,9,254825,6.803827500,0.078500000,5.280000,9.850000,32.220000,0.000000,0,-1,263,882,5.060000,5.500000,0.000000,9.630000,10.070000,284.794569,198.851824,313.638449,262.256861,0.000000,0.000000
2,{6aae5295-0000-42ed-afd4-2ede06240002},92,2976,38,9,254857,6.804681900,0.079360000,5.650000,9.930000,32.240000,0.000000,0,-1,265,882,5.470000,5.840000,0.000000,9.750000,10.120000,268.375874,229.430199,282.075405,283.015966,0.000000,0.000000
2,{6aae5295-0000-42ed-afd4-2ede06240002},92,3008,37,9,254889,6.805536300,0.080210000,5.940000,10.010000,32.280000,0.000000,0,-1,252,882,5.760000,6.130000,0.000000,9.830000,10.200000,236.806870,246.180296,236.071348,290.642977,0.000000,0.000000
2,{6aae5295-0000-42ed-afd4-2ede06240002},92,3040,35,9,254921,6.806390700,0.081060000,6.160000,10.070000,32.330000,0.000000,0,-1,226,882,5.950000,6.370000,0.000000,9.860000,10.280000,194.174051,247.873068,179.990530,283.662081,0.000000,0.000000
2,{6aae5295-0000-42ed-afd4-2ede06240002},92,3296,33,9,255177,6.813225900,0.087890000,1.870000,11.740000,32.570000,0.000000,0,-1,90,881,1.650000,2.100000,0.000000,11.520000,11.970000,105.488300,71.860552,134.348869,67.772865,0.000000,0.000000
2,{6aae5295-0000-42ed-afd4-2ede06240002},96,3424,32,9,255305,6.816643500,0.091300000,2.790000,11.690000,32.470000,0.000000,0,-1,100,881,2.900000,2.680000,0.000000,11.810000,11.590000,83.847046,113.455057,92.679262,115.299225,0.000000,0.000000
2,{6aae5295-0000-42ed-afd4-2ede06240002},96,3552,30,9,255433,6.820061100,0.094720000,0.290000,11.820000,32.560000,0.000000,0,-1,104,881,0.350000,0.230000,0.000000,11.880000,11.760000,113.172531,89.522600,139.209032,76.490641,0.000000,0.000000
2,{6aae5295-0000-42ed-afd4-2ede06240002},96,3680,41,9,255561,6.823478700,0.098130000,4.930000,12.230000,32.350000,0.000000,0,-1,155,882,4.390000,5.490000,0.000000,11.690000,12.790000,200.850964,100.026131,225.174427,102.236271,0.000000,0.000000
2,{6aae5295-0000-42ed-afd4-2ede06240002},96,3808,40,9,255689,6.826896300,0.101540000,5.790000,12.030000,32.330000,0.000000,0,-1,192,882,5.570000,6.020000,0.000000,11.810000,12.260000,200.181007,181.341171,194.859505,191.725492,0.000000,0.000000
2,{6aae5295-0000-42ed-afd4-2ede06240002},100,3936,42,9,255817,6.830313900,0.104960000,5.180000,12.250000,32.330000,0.000000,0,-1,172,882,5.310000,5.070000,0.000000,12.380000,12.140000,145.546198,217.252970,118.722916,211.687088,0.000000,0.000000
2,{6aae5295-0000-42ed-afd4-2ede06240002},100,4064,40,9,255945,6.833731500,0.108370000,2.510000,13.200000,32.420000,0.000000,0,-1,128,881,3.440000,1.590000,0.000000,14.120000,12.280000,86.114407,190.664530,73.721409,167.070627,0.000000,0.000000
2,{6aae5295-0000-42ed-afd4-2ede06240002},100,4192,37,9,256073,6.837149100,0.111780000,0.580000,13.240000,32.430000,0.000000,0,-1,102,881,1.140000,0.040000,0.000000,13.790000,12.690000,73.070526,137.485266,89.987516,108.666420,0.000000,0.000000
2,{6aae5295-0000-42ed-afd4-2ede06240002},100,4320,37,9,256201,6.840566700,0.115200000,1.020000,13.240000,32.380000,0.000000,0,-1,92,881,1.020000,1.030000,0.000000,13.240000,13.250000,84.735155,104.902983,99.257231,81.753731,0.000000,0.000000
2,{6aae5295-0000-42ed-afd4-2ede06240002},104,4448,38,9,256329,6.843984300,0.118610000,1.580000,13.370000,32.390000,0.000000,0,-1,92,881,1.420000,1.740000,0.000000,13.220000,13.530000,89.434385,99.341869,97.532272,82.806349,0.000000,0.000000
2,{6aae5295-0000-42ed-afd4-2ede06240002},104,4576,38,9,256457,6.847401900,0.122020000,1.270000,13.550000,32.350000,0.000000,0,-1,87,882,1.110000,1.440000,0.000000,13.390000,13.710000,85.926056,93.536377,97.042322,74.007511,0.000000,0.000000
2,{6aae5295-0000-42ed-afd4-2ede06240002},104,4704,38,9,256585,6.850819500,0.125440000,1.620000,13.770000,32.360000,0.000000,0,-1,86,882,1.000000,2.260000,0.000000,13.150000,14.410000,89.315176,82.353354,110.745430,64.959526,0.000000,0.000000
2,{6aae5295-0000-42ed-afd4-2ede06240002},104,4832,38,9,256713,6.854237100,0.128850000,2.450000,13.870000,32.240000,0.000000,0,-1,90,882,1.510000,3.400000,0.000000,12.940000,14.820000,93.402863,77.806711,115.333796,74.427128,0.000000,0.000000
2,{6aae5295-0000-42ed-afd4-2ede06240002},108,4960,41,9,256841,6.857654700,0.132260000,3.070000,13.790000,32.290000,0.000000,0,-1,99,882,2.240000,3.910000,0.000000,12.950000,14.630000,98.704100,84.660053,121.159554,94.503164,0.000000,0.000000
2,{6aae5295-0000-42ed-afd4-2ede06240002},108,5088,37,9,256969,6.861072300,0.135680000,3.340000,13.650000,32.190000,0.000000,0,-1,104,882,2.760000,3.930000,0.000000,13.070000,14.240000,99.228621,90.219975,115.324259,112.913847,0.000000,0.000000
2,{6aae5295-0000-42ed-afd4-2ede06240002},108,5216,43,9,257097,6.864489900,0.139090000,3.330000,13.590000,32.230000,0.000000,0,-1,104,882,3.060000,3.610000,0.000000,13.320000,13.870000,94.696283,96.943378,103.305578,122.413635,0.000000,0.000000
2,{6aae5295-0000-42ed-afd4-2ede06240002},108,5344,40,9,257225,6.867907500,0.142500000,3.040000,13.700000,32.130000,0.000000,0,-1,106,883,2.980000,3.110000,0.000000,13.640000,13.780000,91.687441,107.142925,97.346306,128.514767,0.000000,0.000000
2,{6aae5295-0000-42ed-afd4-2ede06240002},112,5472,40,9,257353,6.871325100,0.145910000,2.660000,13.880000,32.170000,0.000000,0,-1,106,882,2.860000,2.470000,0.000000,14.080000,13.690000,89.100599,114.494562,93.704462,127.807856,0.000000,0.000000
2,{6aae5295-0000-42ed-afd4-2ede06240002},112,5600,39,9,257481,6.874742700,0.149330000,2.260000,14.100000,32.100000,0.000000,0,-1,99,883,2.680000,1.860000,0.000000,14.520000,13.690000,81.441402,113.134384,86.833239,117.398500,0.000000,0.000000
2,{6aae5295-0000-42ed-afd4-2ede06240002},112,5728,41,9,257609,6.878160300,0.152740000,1.920000,14.270000,32.100000,0.000000,0,-1,93,883,2.390000,1.450000,0.000000,14.740000,13.800000,76.464415,109.968185,84.600449,104.638338,0.000000,0.000000
2,{6aae5295-0000-42ed-afd4-2ede06240002},112,5856,41,9,257737,6.881577900,0.156160000,1.720000,14.420000,32.060000,0.000000,0,-1,92,883,2.110000,1.340000,0.000000,14.810000,14.040000,76.363087,109.313726,86.408854,96.902847,0.000000,0.000000
2,{6aae5295-0000-42ed-afd4-2ede06240002},116,5984,39,9,257865,6.884995500,0.159570000,1.530000,14.620000,32.040000,0.000000,0,-1,85,883,1.810000,1.250000,0.000000,14.910000,14.340000,72.112083,100.567341,81.794262,85.824728,0.000000,0.000000
2,{6aae5295-0000-42ed-afd4-2ede06240002},116,6112,36,9,257993,6.888413100,0.162980000,1.410000,14.730000,32.030000,0.000000,0,-1,75,883,1.550000,1.270000,0.000000,14.880000,14.590000,66.075325,85.917711,75.906515,72.363615,0.000000,0.000000
2,{6aae5295-0000-42ed-afd4-2ede06240002},116,6240,38,9,258121,6.891830700,0.166400000,1.510000,14.810000,31.960000,0.000000,0,-1,67,883,1.570000,1.450000,0.000000,14.880000,14.760000,60.836077,74.954033,70.589781,63.377619,0.000000,0.000000
2,{6aae5295-0000-42ed-afd4-2ede06240002},116,6368,31,9,258249,6.895248300,0.169810000,1.610000,14.780000,31.980000,0.000000,0,-1,63,883,1.600000,1.630000,0.000000,14.770000,14.800000,59.157610,69.379807,66.895485,59.254169,0.000000,0.000000
2,{6aae5295-0000-42ed-afd4-2ede06240002},120,6496,32,9,258377,6.898665900,0.173220000,1.630000,14.850000,31.920000,0.000000,0,-1,56,883,1.620000,1.650000,0.000000,14.840000,14.870000,52.829981,59.733391,60.939789,51.724911,0.000000,0.000000
2,{6aae5295-0000-42ed-afd4-2ede06240002},120,6624,31,9,258505,6.902083500,0.176640000,1.730000,14.940000,31.950000,0.000000,0,-1,50,883,1.710000,1.760000,0.000000,14.920000,14.970000,48.205853,52.669048,54.924488,46.659708,0.000000,0.000000
2,{6aae5295-0000-42ed-afd4-2ede06240002},120,6752,31,9,258633,6.905501100,0.180050000,1.720000,14.930000,31.830000,0.000000,0,-1,48,884,1.710000,1.740000,0.000000,14.920000,14.940000,45.977831,49.935579,52.450895,44.316053,0.000000,0.000000
2,{6aae5295-0000-42ed-afd4-2ede06240002},120,6880,31,9,258761,6.908918700,0.183460000,1.750000,14.930000,31.890000,0.000000,0,-1,48,884,1.690000,1.810000,0.000000,14.870000,14.990000,45.831203,50.177574,53.817034,45.360327,0.000000,0.000000
2,{6aae5295-0000-42ed-afd4-2ede06240002},124,7008,29,9,258889,6.912336300,0.186880000,1.760000,15.010000,31.790000,0.000000,0,-1,48,884,1.520000,2.010000,0.000000,14.770000,15.260000,45.458078,49.377680,54.247379,44.488907,0.000000,0.000000
2,{6aae5295-0000-42ed-afd4-2ede06240002},124,7136,31,9,259017,6.915753900,0.190290000,1.750000,14.990000,31.820000,0.000000,0,-1,46,884,1.430000,2.080000,0.000000,14.670000,15.320000,44.453144,46.782494,52.776337,43.954849,0.000000,0.000000
2,{6aae5295-0000-42ed-afd4-2ede06240002},124,7264,31,9,259145,6.919171500,0.193700000,1.780000,15.060000,31.720000,0.000000,0,-1,48,884,1.490000,2.080000,0.000000,14.760000,15.360000,46.050549,46.459436,54.018497,45.775175,0.000000,0.000000
2,{6aae5295-0000-42ed-afd4-2ede06240002},124,7392,29,9,259273,6.922589100,0.197120000,1.880000,15.090000,31.760000,0.000000,0,-1,48,884,1.620000,2.140000,0.000000,14.840000,15.360000,47.919750,46.145916,55.233240,46.558380,0.000000,0.000000
2,{6aae5295-0000-42ed-afd4-2ede06240002},128,7520,32,9,259401,6.926006700,0.200530000,1.960000,15.110000,31.680000,0.000000,0,-1,48,885,1.670000,2.270000,0.000000,14.820000,15.420000,47.813654,45.404434,55.394173,46.253204,0.000000,0.000000
2,{6aae5295-0000-42ed-afd4-2ede06240002},128,7648,36,9,259529,6.929424300,0.203940000,1.970000,15.150000,31.660000,0.000000,0,-1,48,885,1.720000,2.230000,0.000000,14.900000,15.410000,47.153234,45.228004,54.486990,46.706200,0.000000,0.000000
2,{6aae5295-0000-42ed-afd4-2ede06240002},128,7776,31,9,259657,6.932841900,0.207360000,2.010000,15.230000,31.630000,0.000000,0,-1,50,885,1.830000,2.200000,0.000000,15.050000,15.420000,49.898624,47.866106,56.133270,48.677921,0.000000,0.000000
2,{6aae5295-0000-42ed-afd4-2ede06240002},128,7904,28,9,259785,6.936259500,0.210770000,2.060000,15.370000,31.600000,0.000000,0,-1,50,885,1.870000,2.250000,0.000000,15.190000,15.570000,50.361156,48.042536,55.408478,49.458742,0.000000,0.000000
2,{6aae5295-0000-42ed-afd4-2ede06240002},132,8032,34,9,259913,6.939677100,0.214180000,2.140000,15.550000,31.590000,0.000000,0,-1,50,885,1.970000,2.310000,0.000000,15.380000,15.720000,49.155951,49.005747,53.550005,49.279928,0.000000,0.000000
2,{6aae5295-0000-42ed-afd4-2ede06240002},132,8160,31,9,260041,6.943094700,0.217600000,2.090000,15.660000,31.490000,0.000000,0,-1,50,885,1.970000,2.210000,0.000000,15.550000,15.780000,48.803091,49.548149,53.203106,50.624609,0.000000,0.000000
2,{6aae5295-0000-42ed-afd4-2ede06240002},132,8288,32,9,260169,6.946512300,0.221010000,2.140000,15.730000,31.530000,0.000000,0,-1,52,885,2.020000,2.260000,0.000000,15.620000,15.860000,49.577951,52.759647,55.056810,53.819418,0.000000,0.000000
2,{6aae5295-0000-42ed-afd4-2ede06240002},132,8416,32,9,260297,6.949929900,0.224420000,2.060000,15.790000,31.440000,0.000000,0,-1,52,886,1.800000,2.330000,0.000000,15.530000,16.060000,49.510002,52.973032,52.206516,53.703785,0.000000,0.000000
2,{6aae5295-0000-42ed-afd4-2ede06240002},136,8544,33,9,260425,6.953347500,0.227840000,2.010000,15.940000,31.470000,0.000000,0,-1,51,885,1.820000,2.200000,0.000000,15.750000,16.130000,47.960281,51.698685,50.885677,53.796768,0.000000,0.000000
2,{6aae5295-0000-42ed-afd4-2ede06240002},136,8672,31,9,260553,6.956765100,0.231250000,1.980000,16.010000,31.350000,0.000000,0,-1,50,886,1.770000,2.190000,0.000000,15.800000,16.220000,46.303272,51.745176,49.885511,54.125786,0.000000,0.000000
2,{6aae5295-0000-42ed-afd4-2ede06240002},136,8800,30,9,260681,6.960182700,0.234660000,1.920000,16.110000,31.400000,0.000000,0,-1,51,886,1.710000,2.150000,0.000000,15.900000,16.330000,47.216415,51.902533,49.870014,55.308342,0.000000,0.000000
2,{6aae5295-0000-42ed-afd4-2ede06240002},136,8928,31,9,260809,6.963600300,0.238080000,1.830000,16.130000,31.320000,0.000000,0,-1,48,886,1.660000,2.010000,0.000000,15.960000,16.310000,45.610666,49.784184,46.089888,53.054094,0.000000,0.000000
2,{6aae5295-0000-42ed-afd4-2ede06240002},140,9056,33,9,260937,6.967017900,0.241490000,1.820000,16.180000,31.350000,0.000000,0,-1,46,886,1.750000,1.890000,0.000000,16.110000,16.250000,43.457747,48.518181,43.985844,51.025152,0.000000,0.000000
2,{6aae5295-0000-42ed-afd4-2ede06240002},140,9184,27,9,261065,6.970435500,0.244900000,1.730000,16.330000,31.240000,0.000000,0,-1,47,886,1.740000,1.720000,0.000000,16.340000,16.320000,43.665171,49.893856,44.618845,52.021742,0.000000,0.000000
2,{6aae5295-0000-42ed-afd4-2ede06240002},140,9312,27,9,261193,6.973853100,0.248320000,1.730000,16.300000,31.260000,0.000000,0,-1,46,886,1.750000,1.720000,0.000000,16.320000,16.290000,42.568445,48.180819,44.348240,51.349401,0.000000,0.000000
2,{6aae5295-0000-42ed-afd4-2ede06240002},140,9440,29,9,261321,6.977270700,0.251730000,1.630000,16.260000,31.220000,0.000000,0,-1,44,887,1.680000,1.580000,0.000000,16.320000,16.220000,40.227175,45.903921,40.864944,49.151182,0.000000,0.000000
2,{6aae5295-0000-42ed-afd4-2ede06240002},144,9568,29,9,261449,6.980688300,0.255140000,1.580000,16.300000,31.200000,0.000000,0,-1,41,887,1.700000,1.460000,0.000000,16.430000,16.190000,38.012266,44.701099,38.702488,46.015978,0.000000,0.000000
2,{6aae5295-0000-42ed-afd4-2ede06240002},144,9696,27,9,261577,6.984105900,0.258560000,1.520000,16.330000,31.160000,0.000000,0,-1,43,887,1.660000,1.400000,0.000000,16.460000,16.200000,38.642883,46.445131,40.029287,47.388077,0.000000,0.000000
2,{6aae5295-0000-42ed-afd4-2ede06240002},144,9824,28,9,261705,6.987523500,0.261970000,1.480000,16.430000,31.130000,0.000000,0,-1,42,887,1.690000,1.270000,0.000000,16.650000,16.230000,38.584471,46.139956,40.602684,46.174526,0.000000,0.000000
2,{6aae5295-0000-42ed-afd4-2ede06240002},144,9952,28,9,261833,6.990941100,0.265380000,1.490000,16.420000,31.120000,0.000000,0,-1,40,887,1.560000,1.420000,0.000000,16.490000,16.350000,35.747290,44.114590,38.498640,44.467449,0.000000,0.000000
2,{6aae5295-0000-42ed-afd4-2ede06240002},148,10080,28,9,261961,6.994358700,0.268800000,1.470000,16.430000,31.030000,0.000000,0,-1,38,887,1.560000,1.380000,0.000000,16.520000,16.340000,33.582449,41.867495,35.699606,43.054819,0.000000,0.000000
2,{6aae5295-0000-42ed-afd4-2ede06240002},148,10208,27,9,262089,6.997776300,0.272210000,1.360000,16.420000,31.070000,0.000000,0,-1,38,887,1.500000,1.240000,0.000000,16.550000,16.300000,33.947229,42.990446,35.132170,42.994022,0.000000,0.000000
